{
	"description": "项目配置文件。",
	"setting": {
		"urlCheck": true,
		"es6": true,
		"postcss": true,
		"minified": true,
		"newFeature": true,
		"coverView": true,
		"autoAudits": false,
		"checkInvalidKey": true,
		"checkSiteMap": true,
		"uploadWithSourceMap": true,
		"babelSetting": {
			"ignore": [],
			"disablePlugins": [],
			"outputPath": ""
		},
		"bundle": true,
		"enhance": true
	},
	"miniprogramRoot": "dist/wx/",
	"compileType": "miniprogram",
	"appid": "wxc481eea6edcd75b8",
	"projectname": "appointment",
	"simulatorType": "wechat",
	"simulatorPluginLibVersion": {},
	"condition": {
		"search": {
			"current": -1,
			"list": []
		},
		"conversation": {
			"current": -1,
			"list": []
		},
		"plugin": {
			"current": -1,
			"list": []
		},
		"game": {
			"currentL": -1,
			"list": []
		},
		"gamePlugin": {
			"current": -1,
			"list": []
		},
		"miniprogram": {
			"current": -1,
			"list": [
				{
					"id": -1,
					"name": "pages/signup/main",
					"pathName": "pages/signup/main",
					"query": "",
					"scene": null
				},
				{
					"id": -1,
					"name": "pages/index/main",
					"pathName": "pages/index/main",
					"query": "",
					"scene": null
				},
				{
					"id": -1,
					"name": "pages/my/main",
					"pathName": "pages/my/main",
					"query": "",
					"scene": null
				},
				{
					"id": -1,
					"name": "pages/createact/main",
					"pathName": "pages/createact/main",
					"query": "",
					"scene": null
				},
				{
					"id": -1,
					"name": "pages/info/main",
					"pathName": "pages/info/main",
					"query": "",
					"scene": null
				},
				{
					"id": -1,
					"name": "pages/readey/main",
					"pathName": "pages/readey/main",
					"query": "",
					"scene": null
				},
				{
					"id": -1,
					"name": "pages/serinfo/main",
					"pathName": "pages/serinfo/main",
					"query": "",
					"scene": null
				},
				{
					"id": -1,
					"name": "pages/actlist/main",
					"pathName": "pages/actlist/main",
					"query": "",
					"scene": null
				},
				{
					"id": -1,
					"name": "pages/down/main",
					"pathName": "pages/down/main",
					"query": "",
					"scene": null
				},
				{
					"id": -1,
					"name": "pages/actlist/main",
					"pathName": "pages/actlist/main",
					"query": "sertId= 3E5FAB9402034B8AA8ED1B0EE136186D",
					"scene": null
				}
			]
		}
	}
}